id;identificacion;nombre;apellido;fecha;piso_visitado;area_visitada;telefono;equipo;observaciones
1;digital GB;Toallas Plástico;Cambridgeshire Tácticas index;2023-01-26;Paradigma;Avon SCSI index;global Ronda;Ergonómico;soporte web-enabled
2;robust Account compressing;24/365 hack;Ingeniero;2023-01-26;override Madera neural;multi-byte;Mascotas;Algodón Blanco Factores;unleash
3;de;Directo;Asociado invoice;2023-01-26;cultivate;Muelle Optimización;Gris Cataluña;transparent Relacciones Gerente;innovadora payment
4;metrics Coordinador;overriding;Baleares synthesizing SCSI;2023-01-26;channels;Dinánmico Canada Mobilidad;heurística;1080p;Baleares Fundamental
5;Ergonómico Música;monitor presupuestaria Baleares;Azul;2023-01-26;Belarussian Borders;integrate;collaborative Estratega transmit;Respuesta;Arquitecto Robusto Cine
6;value-added Técnico Atún;Distrito;Indonesia Decoración;2023-01-26;quantify;Ramal;connect application Pelota;Algodón generate;Account Bicicleta Canarias
7;Credit Refinado synthesize;Práctico Metal;Diseñador Extremadura B2C;2023-01-26;Salvador Expandido Práctico;CFP;synthesizing Cine;International hardware cross-media;Public-key Pizza
8;circuito users HDD;Dinánmico Especialista Lats;Taiwan Negro;2023-01-26;withdrawal;infomediaries payment;Regional;Papelería Mercados;Home
9;Sabroso;Mónaco;plug-and-play Relacciones;2023-01-26;Teclado;invoice;RAM IB calculate;markets SDD navigating;Gris Central Salchichas
10;neural;Moda payment;invoice Navarra Baleares;2023-01-26;program no-volátil;compressing system RAM;platforms;Rojo;Guapa quantifying terciaria
